season,scoring_period_id,team_id,espn_player_id,player_name,lineup_slot_id,lineup_slot,position_id,espn_position,pro_team_id,injury_status,espn_status,acquisition_type,player_id,espn_id,nflverse_display_name,nflverse_position,nflverse_team,nflverse_status,pfr_id,pff_id,stat_season,stat_week,passing_yards,passing_tds,passing_int,rushing_yards,rushing_tds,receptions,receiving_yards,receiving_tds,fumbles_lost,sacks,passing_long_td,rushing_two_point_conversion,receiving_two_point_conversion,receiving_long_td,kickoff_return_tds,punt_return_tds,rushing_long_td,passing_two_point_conversion,score_base,score_bonus,score_position,score_total,counts_for_score,fantasy_points
2025,4,1,4362238,Chase Brown,2,RB,2,RB,4,NORMAL,NORMAL,DRAFT,00-0038597,4362238.0,Chase Brown,RB,CIN,ACT,BrowCh10,77787.0,,,0.0,0.0,0.0,0.0,0.0,0.0,0.0,0.0,0.0,,0.0,0.0,0.0,0.0,0.0,0.0,0.0,0.0,0.0,0.0,0.0,0.0,True,0.0
2025,4,1,4430878,Jaxon Smith-Njigba,4,WR,3,WR,26,NORMAL,NORMAL,DRAFT,00-0038543,4430878.0,Jaxon Smith-Njigba,WR,SEA,ACT,SmitJa06,129758.0,,4.0,0.0,0.0,0.0,11.0,0.0,4.0,79.0,0.0,0.0,,0.0,0.0,0.0,0.0,0.0,0.0,0.0,0.0,13.0,0.0,0.0,13.0,True,13.0
2025,4,1,3040151,George Kittle,21,IR,4,TE,25,NORMAL,NORMAL,DRAFT,00-0033288,3040151.0,George Kittle,TE,SF,RES,KittGe00,11901.0,,,0.0,0.0,0.0,0.0,0.0,0.0,0.0,0.0,0.0,,0.0,0.0,0.0,0.0,0.0,0.0,0.0,0.0,0.0,0.0,0.0,0.0,False,0.0
2025,4,1,4432710,TreVeyon Henderson,23,FLEX,2,RB,17,NORMAL,NORMAL,DRAFT,00-0040734,4432710.0,TreVeyon Henderson,RB,NE,ACT,HendTr02,145059.0,,4.0,0.0,0.0,0.0,32.0,1.0,2.0,14.0,0.0,0.0,,0.0,0.0,0.0,0.0,0.0,0.0,0.0,0.0,12.6,0.0,0.0,12.6,True,12.6
2025,4,1,4428331,Rashee Rice,20,BE,3,WR,12,NORMAL,NORMAL,DRAFT,00-0039067,4428331.0,Rashee Rice,WR,KC,SUS,RiceRa01,97605.0,,,0.0,0.0,0.0,0.0,0.0,0.0,0.0,0.0,0.0,,0.0,0.0,0.0,0.0,0.0,0.0,0.0,0.0,0.0,0.0,0.0,0.0,False,0.0
2025,4,1,3915416,DJ Moore,23,FLEX,3,WR,3,NORMAL,NORMAL,DRAFT,00-0034827,3915416.0,DJ Moore,WR,CHI,ACT,MoorD.00,48267.0,,4.0,0.0,0.0,0.0,0.0,0.0,4.0,38.0,0.0,0.0,,0.0,0.0,0.0,0.0,0.0,0.0,0.0,0.0,7.800000000000001,0.0,0.0,7.800000000000001,True,7.800000000000001
2025,4,1,4428209,Ricky Pearsall,4,WR,3,WR,25,NORMAL,NORMAL,DRAFT,00-0039916,4428209.0,Ricky Pearsall,WR,SF,ACT,PearRi00,100660.0,,4.0,0.0,0.0,0.0,0.0,0.0,4.0,46.0,0.0,0.0,,0.0,0.0,0.0,0.0,0.0,0.0,0.0,0.0,8.600000000000001,0.0,0.0,8.600000000000001,True,8.600000000000001
2025,4,1,4431452,Drake Maye,0,QB,1,TQB,17,NORMAL,NORMAL,DRAFT,00-0039851,4431452.0,Drake Maye,QB,NE,ACT,MayeDr00,143969.0,,4.0,203.0,2.0,0.0,11.0,1.0,0.0,0.0,0.0,0.0,,0.0,0.0,0.0,0.0,0.0,0.0,0.0,0.0,23.1,0.0,0.0,23.1,True,23.1
2025,4,1,4572680,Tucker Kraft,6,TE,4,TE,9,NORMAL,NORMAL,DRAFT,00-0038996,4572680.0,Tucker Kraft,TE,GB,ACT,KrafTu00,104034.0,,4.0,0.0,0.0,0.0,0.0,0.0,2.0,22.0,0.0,0.0,,0.0,0.0,0.0,0.0,0.0,0.0,0.0,0.0,4.2,0.0,0.0,4.2,True,4.2
2025,4,1,4431611,Caleb Williams,20,BE,1,TQB,3,NORMAL,NORMAL,DRAFT,00-0039918,4431611.0,Caleb Williams,QB,CHI,ACT,WillCa03,144622.0,,4.0,212.0,1.0,1.0,13.0,0.0,0.0,0.0,0.0,0.0,,0.0,0.0,0.0,0.0,0.0,0.0,0.0,0.0,11.3,0.0,0.0,11.3,False,0.0
2025,4,1,4711533,Ollie Gordon II,20,BE,2,RB,15,NORMAL,NORMAL,DRAFT,00-0040198,4711533.0,Ollie Gordon II,RB,MIA,ACT,GordOl00,157792.0,,,0.0,0.0,0.0,0.0,0.0,0.0,0.0,0.0,0.0,,0.0,0.0,0.0,0.0,0.0,0.0,0.0,0.0,0.0,0.0,0.0,0.0,False,0.0
2025,4,1,5083076,Harold Fannin Jr.,20,BE,4,TE,5,NORMAL,NORMAL,ADD,00-0040663,5083076.0,Harold Fannin Jr.,TE,CLE,ACT,FannHa00,163104.0,,4.0,0.0,0.0,0.0,1.0,0.0,2.0,24.0,0.0,0.0,,0.0,0.0,0.0,0.0,0.0,0.0,0.0,0.0,4.5,0.0,0.0,4.5,False,0.0
2025,4,1,4428850,Dontayvion Wicks,20,BE,3,WR,9,NORMAL,NORMAL,ADD,00-0038393,4428850.0,Dontayvion Wicks,WR,GB,ACT,WickDo00,99711.0,,,0.0,0.0,0.0,0.0,0.0,0.0,0.0,0.0,0.0,,0.0,0.0,0.0,0.0,0.0,0.0,0.0,0.0,0.0,0.0,0.0,0.0,False,0.0
2025,4,1,4361741,Brock Purdy,20,BE,1,TQB,25,NORMAL,NORMAL,ADD,00-0037834,4361741.0,Brock Purdy,QB,SF,ACT,PurdBr00,77672.0,,4.0,309.0,2.0,2.0,13.0,0.0,0.0,0.0,0.0,1.0,,0.0,1.0,0.0,0.0,0.0,0.0,0.0,0.0,17.3,0.0,0.0,17.3,False,0.0
2025,4,2,4429795,Jahmyr Gibbs,2,RB,2,RB,8,NORMAL,NORMAL,DRAFT,00-0039139,4429795.0,Jahmyr Gibbs,RB,DET,ACT,GibbJa01,122474.0,,4.0,0.0,0.0,0.0,91.0,1.0,2.0,6.0,0.0,0.0,,0.0,0.0,0.0,0.0,0.0,0.0,0.0,0.0,17.700000000000003,0.0,0.0,17.700000000000003,True,17.700000000000003
2025,4,2,4567048,Kenneth Walker III,23,FLEX,2,RB,26,NORMAL,NORMAL,DRAFT,00-0038134,4567048.0,Kenneth Walker III,RB,SEA,ACT,WalkKe00,97199.0,,4.0,0.0,0.0,0.0,81.0,0.0,1.0,29.0,0.0,0.0,,0.0,0.0,0.0,0.0,0.0,0.0,0.0,0.0,12.0,0.0,0.0,12.0,True,12.0
2025,4,2,4427366,Breece Hall,23,FLEX,2,RB,20,NORMAL,NORMAL,DRAFT,00-0038120,4427366.0,Breece Hall,RB,NYJ,ACT,HallBr03,97636.0,,,0.0,0.0,0.0,0.0,0.0,0.0,0.0,0.0,0.0,,0.0,0.0,0.0,0.0,0.0,0.0,0.0,0.0,0.0,0.0,0.0,0.0,True,0.0
2025,4,2,4426338,Bo Nix,0,QB,1,TQB,7,NORMAL,NORMAL,DRAFT,00-0039732,4426338.0,Bo Nix,QB,DEN,ACT,NixxBo00,97790.0,,,0.0,0.0,0.0,0.0,0.0,0.0,0.0,0.0,0.0,,0.0,0.0,0.0,0.0,0.0,0.0,0.0,0.0,0.0,0.0,0.0,0.0,True,0.0
2025,4,2,4701936,Matthew Golden,20,BE,3,WR,9,NORMAL,NORMAL,DRAFT,00-0040667,4701936.0,Matthew Golden,WR,GB,ACT,GoldMa02,156165.0,,4.0,0.0,0.0,0.0,5.0,0.0,1.0,46.0,0.0,0.0,,0.0,0.0,0.0,0.0,0.0,0.0,0.0,0.0,6.1000000000000005,0.0,0.0,6.1000000000000005,False,0.0
2025,4,2,4426354,George Pickens,4,WR,3,WR,6,NORMAL,NORMAL,DRAFT,00-0037247,4426354.0,George Pickens,WR,DAL,ACT,PickGe00,99229.0,,,0.0,0.0,0.0,0.0,0.0,0.0,0.0,0.0,0.0,,0.0,0.0,0.0,0.0,0.0,0.0,0.0,0.0,0.0,0.0,0.0,0.0,True,0.0
2025,4,2,4567750,Emeka Egbuka,4,WR,3,WR,27,NORMAL,NORMAL,DRAFT,00-0040129,4567750.0,Emeka Egbuka,WR,TB,ACT,EgbuEm01,145055.0,,4.0,0.0,0.0,0.0,0.0,0.0,4.0,101.0,1.0,0.0,,0.0,0.0,0.0,1.0,0.0,0.0,0.0,0.0,20.1,1.0,0.0,21.1,True,21.1
2025,4,2,3051876,Evan Engram,20,BE,4,TE,7,NORMAL,NORMAL,DRAFT,00-0033881,3051876.0,Evan Engram,TE,DEN,ACT,EngrEv00,11778.0,,,0.0,0.0,0.0,0.0,0.0,0.0,0.0,0.0,0.0,,0.0,0.0,0.0,0.0,0.0,0.0,0.0,0.0,0.0,0.0,0.0,0.0,False,0.0
2025,4,2,4361370,Chris Olave,20,BE,3,WR,18,NORMAL,NORMAL,DRAFT,00-0037239,4361370.0,Chris Olave,WR,NO,ACT,OlavCh00,84355.0,,4.0,0.0,0.0,1.0,0.0,0.0,3.0,20.0,1.0,0.0,,0.0,0.0,0.0,0.0,0.0,0.0,0.0,0.0,9.0,0.0,0.0,9.0,False,0.0
2025,4,2,4360939,Rashod Bateman,20,BE,3,WR,33,NORMAL,NORMAL,DRAFT,00-0036550,4360939.0,Rashod Bateman,WR,BAL,ACT,BateRa00,84296.0,,4.0,0.0,0.0,0.0,0.0,0.0,1.0,24.0,0.0,0.0,,0.0,0.0,0.0,0.0,0.0,0.0,0.0,0.0,3.4000000000000004,0.0,0.0,3.4000000000000004,False,0.0
2025,4,2,5081397,Dylan Sampson,20,BE,2,RB,5,NORMAL,NORMAL,DRAFT,00-0040162,5081397.0,Dylan Sampson,RB,CLE,ACT,SampDy00,163772.0,,4.0,0.0,0.0,0.0,-2.0,0.0,0.0,0.0,0.0,0.0,,0.0,0.0,0.0,0.0,0.0,0.0,0.0,0.0,-0.2,0.0,0.0,-0.2,False,0.0
2025,4,2,5123663,Isaac TeSlaa,20,BE,3,WR,8,NORMAL,NORMAL,DRAFT,00-0040669,5123663.0,Isaac TeSlaa,WR,DET,ACT,TeSlIs00,172430.0,,4.0,0.0,0.0,0.0,0.0,0.0,0.0,0.0,0.0,0.0,,0.0,0.0,0.0,0.0,0.0,0.0,0.0,0.0,0.0,0.0,0.0,0.0,False,0.0
2025,4,2,3117256,Dalton Schultz,6,TE,4,TE,34,NORMAL,NORMAL,ADD,00-0034383,3117256.0,Dalton Schultz,TE,HOU,ACT,SchuDa00,47304.0,,4.0,0.0,0.0,0.0,0.0,0.0,5.0,30.0,0.0,0.0,,0.0,0.0,0.0,0.0,0.0,0.0,0.0,0.0,8.0,0.0,0.0,8.0,True,8.0
2025,4,3,4258173,Nico Collins,4,WR,3,WR,34,NORMAL,NORMAL,DRAFT,00-0036554,4258173.0,Nico Collins,WR,HOU,ACT,CollNi00,61441.0,,4.0,0.0,0.0,0.0,0.0,0.0,4.0,79.0,0.0,0.0,,0.0,0.0,0.0,0.0,0.0,0.0,0.0,0.0,11.9,0.0,0.0,11.9,True,11.9
2025,4,3,4047650,DK Metcalf,4,WR,3,WR,23,NORMAL,NORMAL,DRAFT,00-0035640,4047650.0,DK Metcalf,WR,PIT,ACT,MetcDK00,47864.0,,4.0,0.0,0.0,0.0,0.0,0.0,5.0,126.0,1.0,0.0,,0.0,0.0,0.0,1.0,0.0,0.0,0.0,0.0,23.6,1.0,0.0,24.6,True,24.6
2025,4,3,4361529,Isiah Pacheco,23,FLEX,2,RB,12,NORMAL,NORMAL,DRAFT,00-0037197,4361529.0,Isiah Pacheco,RB,KC,ACT,PachIs00,83747.0,,4.0,0.0,0.0,0.0,35.0,0.0,2.0,13.0,1.0,0.0,,0.0,0.0,0.0,0.0,0.0,0.0,0.0,0.0,12.8,0.0,0.0,12.8,True,12.8
2025,4,3,4385690,Dalton Kincaid,6,TE,4,TE,2,NORMAL,NORMAL,DRAFT,00-0038933,4385690.0,Dalton Kincaid,TE,BUF,ACT,KincDa00,91791.0,,4.0,0.0,0.0,0.0,0.0,0.0,1.0,28.0,1.0,0.0,,0.0,0.0,0.0,0.0,0.0,0.0,0.0,0.0,9.8,0.0,0.0,9.8,True,9.8
2025,4,3,4697815,Rachaad White,20,BE,2,RB,27,NORMAL,NORMAL,DRAFT,00-0037256,4697815.0,Rachaad White,RB,TB,ACT,WhitRa01,131633.0,,4.0,0.0,0.0,0.0,17.0,0.0,4.0,29.0,0.0,0.0,,0.0,0.0,0.0,0.0,0.0,0.0,0.0,0.0,8.600000000000001,0.0,0.0,8.600000000000001,False,0.0
2025,4,3,4360438,Brandon Aiyuk,20,BE,3,WR,25,NORMAL,NORMAL,DRAFT,00-0036261,4360438.0,Brandon Aiyuk,WR,SF,PUP,AiyuBr00,84109.0,,,0.0,0.0,0.0,0.0,0.0,0.0,0.0,0.0,0.0,,0.0,0.0,0.0,0.0,0.0,0.0,0.0,0.0,0.0,0.0,0.0,0.0,False,0.0
2025,4,3,4036378,Jordan Love,0,QB,1,TQB,9,NORMAL,NORMAL,DRAFT,00-0036264,4036378.0,Jordan Love,QB,GB,ACT,LoveJo03,40306.0,,4.0,167.0,2.0,0.0,0.0,0.0,0.0,0.0,0.0,0.0,,0.0,0.0,0.0,0.0,0.0,0.0,0.0,0.0,14.0,0.0,0.0,14.0,True,14.0
2025,4,3,4685702,Quinshon Judkins,23,FLEX,2,RB,5,NORMAL,NORMAL,DRAFT,00-0040784,4685702.0,Quinshon Judkins,RB,CLE,ACT,JudkQu00,157128.0,,4.0,0.0,0.0,0.0,82.0,1.0,4.0,33.0,0.0,0.0,,0.0,0.0,0.0,0.0,0.0,0.0,0.0,0.0,21.500000000000004,0.0,0.0,21.500000000000004,True,21.500000000000004
2025,4,3,4372561,Isaac Guerendo,20,BE,2,RB,25,NORMAL,NORMAL,ADD,00-0039363,4372561.0,Isaac Guerendo,RB,SF,ACT,GuerIs00,83806.0,,4.0,0.0,0.0,0.0,0.0,0.0,0.0,0.0,0.0,0.0,,0.0,0.0,0.0,0.0,0.0,0.0,0.0,0.0,0.0,0.0,0.0,0.0,False,0.0
2025,4,3,4688813,Josh Downs,20,BE,3,WR,11,NORMAL,NORMAL,TRADE,00-0038997,4688813.0,Josh Downs,WR,IND,ACT,DownJo00,122832.0,,4.0,0.0,0.0,0.0,0.0,0.0,4.0,24.0,0.0,0.0,,0.0,0.0,0.0,0.0,0.0,0.0,0.0,0.0,6.4,0.0,0.0,6.4,False,0.0
2025,4,3,3929630,Saquon Barkley,2,RB,2,RB,21,NORMAL,NORMAL,TRADE,00-0034844,3929630.0,Saquon Barkley,RB,PHI,ACT,BarkSa00,45791.0,,4.0,0.0,0.0,0.0,43.0,1.0,4.0,31.0,0.0,0.0,,0.0,0.0,0.0,0.0,0.0,0.0,0.0,0.0,17.400000000000002,0.0,0.0,17.400000000000002,True,17.400000000000002
2025,4,3,3915511,Joe Burrow,21,IR,1,TQB,4,NORMAL,NORMAL,TRADE,00-0036442,3915511.0,Joe Burrow,QB,CIN,RES,BurrJo01,28022.0,,,0.0,0.0,0.0,0.0,0.0,0.0,0.0,0.0,0.0,,0.0,0.0,0.0,0.0,0.0,0.0,0.0,0.0,0.0,0.0,0.0,0.0,False,0.0
2025,4,3,4429059,Woody Marks,20,BE,2,RB,34,NORMAL,NORMAL,ADD,00-0040583,4429059.0,Woody Marks,RB,HOU,ACT,MarkWo00,124179.0,,4.0,0.0,0.0,0.0,69.0,1.0,4.0,50.0,1.0,0.0,,0.0,0.0,0.0,0.0,0.0,0.0,0.0,0.0,27.9,0.0,0.0,27.9,False,0.0
2025,4,3,4362921,Tyquan Thornton,20,BE,3,WR,12,NORMAL,NORMAL,ADD,00-0038104,4362921.0,Tyquan Thornton,WR,KC,ACT,ThorTy00,78092.0,,4.0,0.0,0.0,0.0,0.0,0.0,1.0,11.0,1.0,0.0,,0.0,0.0,0.0,0.0,0.0,0.0,0.0,0.0,8.1,0.0,0.0,8.1,False,0.0
2025,4,4,4429160,De'Von Achane,2,RB,2,RB,15,NORMAL,NORMAL,DRAFT,00-0039040,4429160.0,De'Von Achane,RB,MIA,ACT,AchaDe00,124305.0,,,0.0,0.0,0.0,0.0,0.0,0.0,0.0,0.0,0.0,,0.0,0.0,0.0,0.0,0.0,0.0,0.0,0.0,0.0,0.0,0.0,0.0,True,0.0
2025,4,4,4426515,Puka Nacua,4,WR,3,WR,14,NORMAL,NORMAL,DRAFT,00-0039075,4426515.0,Puka Nacua,WR,LA,ACT,NacuPu00,100632.0,,4.0,0.0,0.0,0.0,0.0,0.0,13.0,170.0,1.0,0.0,,0.0,0.0,0.0,0.0,0.0,0.0,0.0,0.0,36.0,0.0,0.0,36.0,True,36.0
2025,4,4,4239993,Tee Higgins,20,BE,3,WR,4,NORMAL,NORMAL,DRAFT,00-0036410,4239993.0,Tee Higgins,WR,CIN,ACT,HiggTe00,61211.0,,,0.0,0.0,0.0,0.0,0.0,0.0,0.0,0.0,0.0,,0.0,0.0,0.0,0.0,0.0,0.0,0.0,0.0,0.0,0.0,0.0,0.0,False,0.0
2025,4,4,15847,Travis Kelce,6,TE,4,TE,12,NORMAL,NORMAL,DRAFT,00-0030506,15847.0,Travis Kelce,TE,KC,ACT,KelcTr00,7844.0,,4.0,0.0,0.0,0.0,0.0,0.0,5.0,48.0,0.0,0.0,,0.0,0.0,0.0,0.0,0.0,0.0,0.0,0.0,9.8,0.0,0.0,9.8,True,9.8
2025,4,4,4038941,Justin Herbert,0,QB,1,TQB,24,NORMAL,NORMAL,DRAFT,00-0036355,4038941.0,Justin Herbert,QB,LAC,ACT,HerbJu00,28237.0,,4.0,203.0,1.0,2.0,24.0,0.0,0.0,0.0,0.0,0.0,,0.0,0.0,0.0,0.0,0.0,0.0,0.0,0.0,10.4,0.0,0.0,10.4,True,10.4
2025,4,4,15818,Keenan Allen,23,FLEX,3,WR,24,NORMAL,NORMAL,DRAFT,00-0030279,15818.0,Keenan Allen,WR,LAC,ACT,AlleKe00,7857.0,,4.0,0.0,0.0,0.0,0.0,0.0,5.0,37.0,0.0,0.0,,0.0,0.0,0.0,0.0,0.0,0.0,0.0,0.0,8.7,0.0,0.0,8.7,True,8.7
2025,4,4,3126486,Deebo Samuel,4,WR,3,WR,28,NORMAL,NORMAL,DRAFT,00-0035719,3126486.0,Deebo Samuel Sr.,WR,WAS,ACT,SamuDe00,48274.0,,4.0,0.0,0.0,0.0,9.0,0.0,6.0,72.0,1.0,0.0,,0.0,0.0,0.0,0.0,0.0,0.0,0.0,0.0,20.1,0.0,0.0,20.1,True,20.1
2025,4,4,3059915,Kareem Hunt,20,BE,2,RB,12,NORMAL,NORMAL,DRAFT,00-0033923,3059915.0,Kareem Hunt,RB,KC,ACT,HuntKa00,11841.0,,4.0,0.0,0.0,0.0,34.0,0.0,1.0,13.0,0.0,0.0,,0.0,0.0,0.0,0.0,0.0,0.0,0.0,0.0,5.7,0.0,0.0,5.7,False,0.0
2025,4,4,4695883,Jalen Coker,21,IR,3,WR,29,NORMAL,NORMAL,DRAFT,00-0039491,4695883.0,Jalen Coker,WR,CAR,RES,CokeJa01,143068.0,,,0.0,0.0,0.0,0.0,0.0,0.0,0.0,0.0,0.0,,0.0,0.0,0.0,0.0,0.0,0.0,0.0,0.0,0.0,0.0,0.0,0.0,False,0.0
2025,4,4,4429025,Quentin Johnston,23,FLEX,3,WR,24,NORMAL,NORMAL,ADD,00-0038544,4429025.0,Quentin Johnston,WR,LAC,ACT,JohnQu02,123085.0,,4.0,0.0,0.0,0.0,0.0,0.0,8.0,98.0,1.0,0.0,,0.0,0.0,0.0,0.0,0.0,0.0,0.0,0.0,23.8,0.0,0.0,23.8,True,23.8
2025,4,4,3054212,Jonnu Smith,20,BE,4,TE,23,NORMAL,NORMAL,ADD,00-0033858,3054212.0,Jonnu Smith,TE,PIT,ACT,SmitJo01,11855.0,,4.0,0.0,0.0,0.0,0.0,0.0,2.0,6.0,0.0,0.0,,0.0,0.0,0.0,0.0,0.0,0.0,0.0,0.0,2.6,0.0,0.0,2.6,False,0.0
2025,4,4,4038815,Rico Dowdle,20,BE,2,RB,29,NORMAL,NORMAL,ADD,00-0036139,4038815.0,Rico Dowdle,RB,CAR,ACT,DowdRi01,40693.0,,4.0,0.0,0.0,0.0,32.0,0.0,1.0,-2.0,0.0,0.0,,0.0,0.0,0.0,0.0,0.0,0.0,0.0,0.0,4.0,0.0,0.0,4.0,False,0.0
2025,4,4,4362478,Emari Demercado,20,BE,2,RB,22,NORMAL,NORMAL,ADD,00-0038705,4362478.0,Emari Demercado,RB,ARI,ACT,DemeEm00,77763.0,,4.0,0.0,0.0,0.0,8.0,0.0,2.0,13.0,1.0,0.0,,0.0,0.0,0.0,0.0,0.0,0.0,0.0,0.0,10.1,0.0,0.0,10.1,False,0.0
2025,4,4,4362619,Chris Rodriguez Jr.,20,BE,2,RB,28,NORMAL,NORMAL,ADD,00-0038611,4362619.0,Chris Rodriguez Jr.,RB,WAS,ACT,RodrCh00,83689.0,,4.0,0.0,0.0,0.0,59.0,0.0,0.0,0.0,0.0,0.0,,0.0,0.0,0.0,0.0,0.0,0.0,0.0,0.0,5.9,0.0,0.0,5.9,False,0.0
2025,4,5,3918298,Josh Allen,0,QB,1,TQB,2,NORMAL,NORMAL,DRAFT,00-0034857,3918298.0,Josh Allen,QB,BUF,ACT,AlleJo02,46601.0,,4.0,209.0,2.0,1.0,45.0,1.0,0.0,0.0,0.0,0.0,,0.0,0.0,0.0,0.0,0.0,0.0,0.0,0.0,24.5,0.0,0.0,24.5,True,24.5
2025,4,5,4361307,Trey McBride,6,TE,4,TE,22,NORMAL,NORMAL,DRAFT,00-0037744,4361307.0,Trey McBride,TE,ARI,ACT,McBrTr01,75916.0,,4.0,0.0,0.0,0.0,0.0,0.0,7.0,52.0,0.0,0.0,,0.0,0.0,0.0,0.0,0.0,0.0,0.0,0.0,12.2,0.0,0.0,12.2,True,12.2
2025,4,5,16800,Davante Adams,4,WR,3,WR,14,NORMAL,NORMAL,DRAFT,00-0031381,16800.0,Davante Adams,WR,LA,ACT,AdamDa01,8688.0,,4.0,0.0,0.0,0.0,0.0,0.0,4.0,56.0,1.0,0.0,,0.0,0.0,0.0,0.0,0.0,0.0,0.0,0.0,15.600000000000001,0.0,0.0,15.600000000000001,True,15.600000000000001
2025,4,5,4685382,Omarion Hampton,2,RB,2,RB,24,NORMAL,NORMAL,DRAFT,00-0040666,4685382.0,Omarion Hampton,RB,LAC,ACT,HampOm00,162750.0,,4.0,0.0,0.0,0.0,128.0,1.0,5.0,37.0,0.0,0.0,,0.0,0.0,0.0,0.0,0.0,0.0,0.0,0.0,27.5,0.0,0.0,27.5,True,27.5
2025,4,5,4612826,Ladd McConkey,4,WR,3,WR,24,NORMAL,NORMAL,DRAFT,00-0039915,4612826.0,Ladd McConkey,WR,LAC,ACT,McCoLa00,124030.0,,4.0,0.0,0.0,0.0,0.0,0.0,1.0,11.0,0.0,0.0,,0.0,0.0,0.0,0.0,0.0,0.0,0.0,0.0,2.1,0.0,0.0,2.1,True,2.1
2025,4,5,3123076,David Njoku,23,FLEX,4,TE,5,NORMAL,NORMAL,DRAFT,00-0033885,3123076.0,David Njoku,TE,CLE,ACT,NjokDa00,11784.0,,4.0,0.0,0.0,0.0,0.0,0.0,2.0,11.0,0.0,0.0,,0.0,0.0,0.0,0.0,0.0,0.0,0.0,0.0,3.1,0.0,0.0,3.1,True,3.1
2025,4,5,4369863,Cedric Tillman,20,BE,3,WR,5,NORMAL,NORMAL,DRAFT,00-0038979,4369863.0,Cedric Tillman,WR,CLE,ACT,TillCe01,84434.0,,4.0,0.0,0.0,0.0,0.0,0.0,1.0,6.0,0.0,0.0,,0.0,0.0,0.0,0.0,0.0,0.0,0.0,0.0,1.6,0.0,0.0,1.6,False,0.0
2025,4,5,4428557,Tyjae Spears,21,IR,2,RB,10,NORMAL,NORMAL,DRAFT,00-0039032,4428557.0,Tyjae Spears,RB,TEN,RSR,SpeaTy00,97195.0,,,0.0,0.0,0.0,0.0,0.0,0.0,0.0,0.0,0.0,,0.0,0.0,0.0,0.0,0.0,0.0,0.0,0.0,0.0,0.0,0.0,0.0,False,0.0
2025,4,5,4243331,Cade Otton,20,BE,4,TE,27,NORMAL,NORMAL,DRAFT,00-0038129,4243331.0,Cade Otton,TE,TB,ACT,OttoCa00,61071.0,,4.0,0.0,0.0,0.0,0.0,0.0,3.0,9.0,0.0,0.0,,0.0,0.0,0.0,0.0,0.0,0.0,0.0,0.0,3.9,0.0,0.0,3.9,False,0.0
2025,4,5,3728262,Ray-Ray McCloud III,20,BE,3,WR,1,NORMAL,NORMAL,DRAFT,00-0034407,3728262.0,Ray-Ray McCloud,WR,ATL,ACT,McClRa00,47895.0,,4.0,0.0,0.0,0.0,0.0,0.0,1.0,-7.0,0.0,0.0,,0.0,0.0,0.0,0.0,0.0,0.0,0.0,0.0,0.29999999999999993,0.0,0.0,0.29999999999999993,False,0.0
2025,4,5,4038441,Justice Hill,20,BE,2,RB,33,NORMAL,NORMAL,DRAFT,00-0034975,4038441.0,Justice Hill,RB,BAL,ACT,HillJu00,45865.0,,4.0,0.0,0.0,0.0,76.0,1.0,5.0,41.0,1.0,0.0,,0.0,0.0,0.0,0.0,0.0,0.0,0.0,0.0,28.700000000000003,0.0,0.0,28.700000000000003,False,0.0
2025,4,5,2576925,Darren Waller,20,BE,4,TE,15,NORMAL,NORMAL,DRAFT,00-0031610,2576925.0,Darren Waller,TE,MIA,ACT,WallDa01,9637.0,,,0.0,0.0,0.0,0.0,0.0,0.0,0.0,0.0,0.0,,0.0,0.0,0.0,0.0,0.0,0.0,0.0,0.0,0.0,0.0,0.0,0.0,False,0.0
2025,4,5,3135321,Hunter Renfrow,23,FLEX,3,WR,29,NORMAL,NORMAL,ADD,00-0034983,3135321.0,Hunter Renfrow,WR,CAR,ACT,RenfHu00,47509.0,,4.0,0.0,0.0,0.0,0.0,0.0,2.0,10.0,0.0,0.0,,0.0,0.0,0.0,0.0,0.0,0.0,0.0,0.0,3.0,0.0,0.0,3.0,True,3.0
2025,4,6,3043078,Derrick Henry,2,RB,2,RB,33,NORMAL,NORMAL,DRAFT,00-0032764,3043078.0,Derrick Henry,RB,BAL,ACT,HenrDe00,10679.0,,4.0,0.0,0.0,0.0,42.0,0.0,2.0,16.0,0.0,0.0,,0.0,0.0,0.0,0.0,0.0,0.0,0.0,0.0,7.800000000000001,0.0,0.0,7.800000000000001,True,7.800000000000001
2025,4,6,4374302,Amon-Ra St. Brown,4,WR,3,WR,8,NORMAL,NORMAL,DRAFT,00-0036963,4374302.0,Amon-Ra St. Brown,WR,DET,ACT,StxxAm00,84470.0,,4.0,0.0,0.0,0.0,0.0,0.0,7.0,70.0,2.0,0.0,,0.0,0.0,0.0,0.0,0.0,0.0,0.0,0.0,26.0,0.0,0.0,26.0,True,26.0
2025,4,6,3916387,Lamar Jackson,0,QB,1,TQB,33,NORMAL,NORMAL,DRAFT,00-0034796,3916387.0,Lamar Jackson,QB,BAL,ACT,JackLa00,46416.0,,4.0,147.0,1.0,1.0,48.0,0.0,0.0,0.0,0.0,1.0,,0.0,0.0,0.0,0.0,0.0,0.0,0.0,0.0,9.8,0.0,0.0,9.8,True,9.8
2025,4,6,3116406,Tyreek Hill,4,WR,3,WR,15,NORMAL,NORMAL,DRAFT,00-0033040,3116406.0,Tyreek Hill,WR,MIA,ACT,HillTy00,10799.0,,,0.0,0.0,0.0,0.0,0.0,0.0,0.0,0.0,0.0,,0.0,0.0,0.0,0.0,0.0,0.0,0.0,0.0,0.0,0.0,0.0,0.0,True,0.0
2025,4,6,4362249,Jayden Reed,21,IR,3,WR,9,NORMAL,NORMAL,DRAFT,00-0039146,4362249.0,Jayden Reed,WR,GB,RES,ReedJa03,78171.0,,,0.0,0.0,0.0,0.0,0.0,0.0,0.0,0.0,0.0,,0.0,0.0,0.0,0.0,0.0,0.0,0.0,0.0,0.0,0.0,0.0,0.0,False,0.0
2025,4,6,4239996,Travis Etienne Jr.,23,FLEX,2,RB,30,NORMAL,NORMAL,DRAFT,00-0036973,4239996.0,Travis Etienne,RB,JAX,ACT,EtieTr00,57185.0,,4.0,0.0,0.0,0.0,124.0,1.0,1.0,1.0,0.0,0.0,,0.0,0.0,0.0,0.0,0.0,0.0,0.0,0.0,19.5,0.0,0.0,19.5,True,19.5
2025,4,6,4241372,Hollywood Brown,23,FLEX,3,WR,12,NORMAL,NORMAL,DRAFT,00-0035662,4241372.0,Marquise Brown,WR,KC,ACT,BrowMa04,61568.0,,4.0,0.0,0.0,0.0,0.0,0.0,3.0,38.0,1.0,0.0,,0.0,0.0,0.0,0.0,0.0,0.0,0.0,0.0,12.8,0.0,0.0,12.8,True,12.8
2025,4,6,4685247,Braelon Allen,20,BE,2,RB,20,NORMAL,NORMAL,DRAFT,00-0039794,4685247.0,Braelon Allen,RB,NYJ,ACT,AlleBr05,145159.0,,,0.0,0.0,0.0,0.0,0.0,0.0,0.0,0.0,0.0,,0.0,0.0,0.0,0.0,0.0,0.0,0.0,0.0,0.0,0.0,0.0,0.0,False,0.0
2025,4,6,3121023,Dallas Goedert,20,BE,4,TE,21,NORMAL,NORMAL,DRAFT,00-0034351,3121023.0,Dallas Goedert,TE,PHI,ACT,GoedDa00,47272.0,,4.0,0.0,0.0,0.0,0.0,0.0,4.0,37.0,2.0,0.0,,0.0,0.0,0.0,0.0,0.0,0.0,0.0,0.0,19.7,0.0,0.0,19.7,False,0.0
2025,4,6,15835,Zach Ertz,6,TE,4,TE,28,NORMAL,NORMAL,DRAFT,00-0030061,15835.0,Zach Ertz,TE,WAS,ACT,ErtzZa00,7816.0,,4.0,0.0,0.0,0.0,0.0,0.0,2.0,21.0,0.0,0.0,,0.0,0.0,1.0,0.0,0.0,0.0,0.0,0.0,6.1,0.0,0.0,6.1,True,6.1
2025,4,6,4808839,Isaiah Bond,20,BE,3,WR,5,NORMAL,NORMAL,DRAFT,00-0040782,4808839.0,Isaiah Bond,WR,CLE,ACT,BondIs00,163586.0,,4.0,0.0,0.0,0.0,0.0,0.0,3.0,58.0,0.0,0.0,,0.0,0.0,0.0,0.0,0.0,0.0,0.0,0.0,8.8,0.0,0.0,8.8,False,0.0
2025,4,6,15795,DeAndre Hopkins,20,BE,3,WR,33,NORMAL,NORMAL,ADD,00-0030564,15795.0,DeAndre Hopkins,WR,BAL,ACT,HopkDe00,7808.0,,4.0,0.0,0.0,0.0,0.0,0.0,0.0,0.0,0.0,0.0,,0.0,0.0,0.0,0.0,0.0,0.0,0.0,0.0,0.0,0.0,0.0,0.0,False,0.0
2025,4,6,4045163,Miles Sanders,20,BE,2,RB,6,NORMAL,NORMAL,ADD,00-0035243,4045163.0,Miles Sanders,RB,DAL,ACT,SandMi01,40555.0,,,0.0,0.0,0.0,0.0,0.0,0.0,0.0,0.0,0.0,,0.0,0.0,0.0,0.0,0.0,0.0,0.0,0.0,0.0,0.0,0.0,0.0,False,0.0
2025,4,6,4361577,Dyami Brown,20,BE,3,WR,30,NORMAL,NORMAL,ADD,00-0036626,4361577.0,Dyami Brown,WR,JAX,ACT,BrowDy00,77986.0,,,0.0,0.0,0.0,0.0,0.0,0.0,0.0,0.0,0.0,,0.0,0.0,0.0,0.0,0.0,0.0,0.0,0.0,0.0,0.0,0.0,0.0,False,0.0
2025,4,7,4595348,Malik Nabers,4,WR,3,WR,19,NORMAL,NORMAL,DRAFT,00-0039337,4595348.0,Malik Nabers,WR,NYG,ACT,NabeMa00,146759.0,,4.0,0.0,0.0,0.0,0.0,0.0,2.0,20.0,0.0,0.0,,0.0,0.0,0.0,0.0,0.0,0.0,0.0,0.0,4.0,0.0,0.0,4.0,True,4.0
2025,4,7,3925357,Calvin Ridley,20,BE,3,WR,10,NORMAL,NORMAL,DRAFT,00-0034837,3925357.0,Calvin Ridley,WR,TEN,ACT,RidlCa00,48262.0,,4.0,0.0,0.0,0.0,0.0,0.0,2.0,30.0,0.0,0.0,,0.0,0.0,0.0,0.0,0.0,0.0,0.0,0.0,5.0,0.0,0.0,5.0,False,0.0
2025,4,7,3916433,Jakobi Meyers,4,WR,3,WR,13,NORMAL,NORMAL,DRAFT,00-0034960,3916433.0,Jakobi Meyers,WR,LV,ACT,MeyeJa01,47468.0,,4.0,0.0,0.0,0.0,0.0,0.0,4.0,30.0,0.0,0.0,,0.0,0.0,0.0,0.0,0.0,0.0,0.0,0.0,7.0,0.0,0.0,7.0,True,7.0
2025,4,7,3121422,Terry McLaurin,21,IR,3,WR,28,NORMAL,NORMAL,DRAFT,00-0035659,3121422.0,Terry McLaurin,WR,WAS,ACT,McLaTe00,48229.0,,,0.0,0.0,0.0,0.0,0.0,0.0,0.0,0.0,0.0,,0.0,0.0,0.0,0.0,0.0,0.0,0.0,0.0,0.0,0.0,0.0,0.0,False,0.0
2025,4,7,4360248,Kyle Pitts Sr.,20,BE,4,TE,1,NORMAL,NORMAL,DRAFT,00-0036970,4360248.0,Kyle Pitts,TE,ATL,ACT,PittKy00,83964.0,,4.0,0.0,0.0,0.0,0.0,0.0,5.0,70.0,1.0,0.0,,0.0,0.0,0.0,0.0,0.0,0.0,0.0,0.0,18.0,0.0,0.0,18.0,False,0.0
2025,4,7,4569987,Jaylen Warren,20,BE,2,RB,23,NORMAL,NORMAL,DRAFT,00-0037228,4569987.0,Jaylen Warren,RB,PIT,ACT,WarrJa01,98692.0,,,0.0,0.0,0.0,0.0,0.0,0.0,0.0,0.0,0.0,,0.0,0.0,0.0,0.0,0.0,0.0,0.0,0.0,0.0,0.0,0.0,0.0,False,0.0
2025,4,7,4035538,David Montgomery,23,FLEX,2,RB,8,NORMAL,NORMAL,DRAFT,00-0035685,4035538.0,David Montgomery,RB,DET,ACT,MontDa01,45719.0,,4.0,0.0,0.0,0.0,12.0,0.0,0.0,0.0,0.0,0.0,,0.0,0.0,0.0,0.0,0.0,0.0,0.0,0.0,1.2000000000000002,0.0,0.0,1.2000000000000002,True,1.2000000000000002
2025,4,7,4361579,Javonte Williams,2,RB,2,RB,6,NORMAL,NORMAL,DRAFT,00-0036997,4361579.0,Javonte Williams,RB,DAL,ACT,WillJa10,77803.0,,4.0,0.0,0.0,0.0,11.0,0.0,1.0,4.0,0.0,0.0,,0.0,0.0,0.0,0.0,0.0,0.0,0.0,0.0,2.5,0.0,0.0,2.5,True,2.5
2025,4,7,4568490,RJ Harvey,20,BE,2,RB,7,NORMAL,NORMAL,DRAFT,00-0040730,4568490.0,RJ Harvey,RB,DEN,ACT,HarvRJ00,99622.0,,,0.0,0.0,0.0,0.0,0.0,0.0,0.0,0.0,0.0,,0.0,0.0,0.0,0.0,0.0,0.0,0.0,0.0,0.0,0.0,0.0,0.0,False,0.0
2025,4,7,4635008,Keon Coleman,20,BE,3,WR,2,NORMAL,NORMAL,DRAFT,00-0039901,4635008.0,Keon Coleman,WR,BUF,ACT,ColeKe02,144949.0,,4.0,0.0,0.0,0.0,0.0,0.0,3.0,45.0,0.0,0.0,,0.0,0.0,0.0,0.0,0.0,0.0,0.0,0.0,7.5,0.0,0.0,7.5,False,0.0
2025,4,7,3116365,Mark Andrews,6,TE,4,TE,33,NORMAL,NORMAL,DRAFT,00-0034753,3116365.0,Mark Andrews,TE,BAL,ACT,AndrMa00,47436.0,,4.0,0.0,0.0,0.0,0.0,0.0,7.0,30.0,0.0,0.0,,0.0,0.0,0.0,0.0,0.0,0.0,0.0,0.0,10.0,0.0,0.0,10.0,True,10.0
2025,4,7,3128720,Nick Chubb,23,FLEX,2,RB,34,NORMAL,NORMAL,DRAFT,00-0034791,3128720.0,Nick Chubb,RB,HOU,ACT,ChubNi00,45783.0,,4.0,0.0,0.0,0.0,47.0,0.0,2.0,15.0,0.0,0.0,,0.0,0.0,0.0,0.0,0.0,0.0,0.0,0.0,8.2,0.0,0.0,8.2,True,8.2
2025,4,7,4432577,C.J. Stroud,0,QB,1,TQB,34,NORMAL,NORMAL,ADD,00-0039163,4432577.0,C.J. Stroud,QB,HOU,ACT,StroCJ00,129759.0,,4.0,233.0,2.0,0.0,11.0,0.0,0.0,0.0,0.0,0.0,,0.0,0.0,0.0,0.0,0.0,0.0,0.0,0.0,18.1,0.0,0.0,18.1,True,18.1
2025,4,8,4242335,Jonathan Taylor,2,RB,2,RB,11,NORMAL,NORMAL,DRAFT,00-0036223,4242335.0,Jonathan Taylor,RB,IND,ACT,TaylJo02,57488.0,,4.0,0.0,0.0,0.0,76.0,0.0,5.0,20.0,0.0,0.0,,0.0,0.0,0.0,0.0,0.0,0.0,0.0,0.0,14.600000000000001,0.0,0.0,14.600000000000001,True,14.600000000000001
2025,4,8,4890973,Ashton Jeanty,23,FLEX,2,RB,13,NORMAL,NORMAL,DRAFT,00-0040122,4890973.0,Ashton Jeanty,RB,LV,ACT,JeanAs00,157196.0,,4.0,0.0,0.0,0.0,138.0,1.0,2.0,17.0,2.0,1.0,,0.0,0.0,0.0,0.0,0.0,0.0,0.0,0.0,33.5,0.0,0.0,33.5,True,33.5
2025,4,8,4430539,Brenton Strange,20,BE,4,TE,30,NORMAL,NORMAL,DRAFT,00-0038935,4430539.0,Brenton Strange,TE,JAX,ACT,StraBr00,101694.0,,4.0,0.0,0.0,0.0,0.0,0.0,6.0,45.0,0.0,0.0,,0.0,0.0,0.0,0.0,0.0,0.0,0.0,0.0,10.5,0.0,0.0,10.5,False,0.0
2025,4,8,4883647,Elic Ayomanor,4,WR,3,WR,10,NORMAL,NORMAL,ADD,00-0040170,4883647.0,Elic Ayomanor,WR,TEN,ACT,AyomEl00,157263.0,,4.0,0.0,0.0,0.0,0.0,0.0,2.0,44.0,0.0,0.0,,0.0,0.0,0.0,0.0,0.0,0.0,0.0,0.0,6.4,0.0,0.0,6.4,True,6.4
2025,4,8,3929645,Juwan Johnson,6,TE,4,TE,18,NORMAL,NORMAL,ADD,00-0036040,3929645.0,Juwan Johnson,TE,NO,ACT,JohnJu02,28305.0,,4.0,0.0,0.0,0.0,0.0,0.0,3.0,28.0,0.0,0.0,,0.0,0.0,0.0,0.0,0.0,0.0,0.0,0.0,5.800000000000001,0.0,0.0,5.800000000000001,True,5.800000000000001
2025,4,8,4429096,Blake Corum,20,BE,2,RB,14,NORMAL,NORMAL,ADD,00-0039738,4429096.0,Blake Corum,RB,LA,ACT,CoruBl00,129574.0,,4.0,0.0,0.0,0.0,21.0,0.0,2.0,-5.0,0.0,0.0,,0.0,0.0,0.0,0.0,0.0,0.0,0.0,0.0,3.5999999999999996,0.0,0.0,3.5999999999999996,False,0.0
2025,4,8,4685472,Tetairoa McMillan,4,WR,3,WR,29,NORMAL,NORMAL,TRADE,00-0040124,4685472.0,Tetairoa McMillan,WR,CAR,ACT,McMiTe00,158735.0,,4.0,0.0,0.0,0.0,0.0,0.0,4.0,62.0,0.0,0.0,,0.0,0.0,0.0,0.0,0.0,0.0,0.0,0.0,10.2,0.0,0.0,10.2,True,10.2
2025,4,8,4426348,Jayden Daniels,20,BE,1,TQB,28,NORMAL,NORMAL,TRADE,00-0039910,4426348.0,Jayden Daniels,QB,WAS,ACT,DaniJa02,97993.0,,,0.0,0.0,0.0,0.0,0.0,0.0,0.0,0.0,0.0,,0.0,0.0,0.0,0.0,0.0,0.0,0.0,0.0,0.0,0.0,0.0,0.0,False,0.0
2025,4,8,4596448,Bucky Irving,23,FLEX,2,RB,27,NORMAL,NORMAL,TRADE,00-0039361,4596448.0,Bucky Irving,RB,TB,ACT,IrviBu00,144970.0,,4.0,0.0,0.0,0.0,63.0,0.0,5.0,102.0,1.0,1.0,,0.0,0.0,0.0,1.0,0.0,0.0,0.0,0.0,25.5,1.0,0.0,26.5,True,26.5
2025,4,8,4689114,Jaxson Dart,0,QB,1,TQB,19,NORMAL,NORMAL,ADD,00-0040691,4689114.0,Jaxson Dart,QB,NYG,ACT,DartJa00,146409.0,,4.0,111.0,1.0,0.0,54.0,1.0,0.0,0.0,0.0,0.0,,0.0,0.0,0.0,0.0,0.0,0.0,0.0,0.0,19.4,0.0,0.0,19.4,True,19.4
2025,4,8,4241389,CeeDee Lamb,21,IR,3,WR,6,NORMAL,NORMAL,TRADE,00-0036358,4241389.0,CeeDee Lamb,WR,DAL,ACT,LambCe00,61570.0,,,0.0,0.0,0.0,0.0,0.0,0.0,0.0,0.0,0.0,,0.0,0.0,0.0,0.0,0.0,0.0,0.0,0.0,0.0,0.0,0.0,0.0,False,0.0
2025,4,8,4430034,Xavier Legette,20,BE,3,WR,29,NORMAL,NORMAL,ADD,00-0039342,4430034.0,Xavier Legette,WR,CAR,ACT,LegeXa00,99197.0,,,0.0,0.0,0.0,0.0,0.0,0.0,0.0,0.0,0.0,,0.0,0.0,0.0,0.0,0.0,0.0,0.0,0.0,0.0,0.0,0.0,0.0,False,0.0
2025,4,8,4597500,Adonai Mitchell,20,BE,3,WR,11,NORMAL,NORMAL,ADD,00-0039890,4597500.0,Adonai Mitchell,WR,IND,ACT,MitcAd00,146712.0,,4.0,0.0,0.0,0.0,0.0,0.0,3.0,96.0,0.0,1.0,,0.0,0.0,0.0,0.0,0.0,0.0,0.0,0.0,10.600000000000001,0.0,0.0,10.600000000000001,False,0.0
2025,4,8,4685279,Jaydon Blue,20,BE,2,RB,6,NORMAL,NORMAL,ADD,00-0040586,4685279.0,Jaydon Blue,RB,DAL,ACT,BlueJa01,157303.0,,,0.0,0.0,0.0,0.0,0.0,0.0,0.0,0.0,0.0,,0.0,0.0,0.0,0.0,0.0,0.0,0.0,0.0,0.0,0.0,0.0,0.0,False,0.0
2025,4,9,4432665,Brock Bowers,6,TE,4,TE,13,NORMAL,NORMAL,DRAFT,00-0039338,4432665.0,Brock Bowers,TE,LV,ACT,BoweBr01,146715.0,,4.0,0.0,0.0,0.0,0.0,0.0,5.0,46.0,0.0,0.0,,0.0,0.0,0.0,0.0,0.0,0.0,0.0,0.0,9.600000000000001,0.0,0.0,9.600000000000001,True,9.600000000000001
2025,4,9,16737,Mike Evans,20,BE,3,WR,27,NORMAL,NORMAL,DRAFT,00-0031408,16737.0,Mike Evans,WR,TB,ACT,EvanMi00,8642.0,,,0.0,0.0,0.0,0.0,0.0,0.0,0.0,0.0,0.0,,0.0,0.0,0.0,0.0,0.0,0.0,0.0,0.0,0.0,0.0,0.0,0.0,False,0.0
2025,4,9,4241416,Chuba Hubbard,2,RB,2,RB,29,NORMAL,NORMAL,DRAFT,00-0036555,4241416.0,Chuba Hubbard,RB,CAR,ACT,HubbCh01,57373.0,,4.0,0.0,0.0,0.0,49.0,0.0,3.0,20.0,0.0,0.0,,0.0,0.0,0.0,0.0,0.0,0.0,0.0,0.0,9.9,0.0,0.0,9.9,True,9.9
2025,4,9,4373678,Khalil Shakir,4,WR,3,WR,2,NORMAL,NORMAL,DRAFT,00-0037261,4373678.0,Khalil Shakir,WR,BUF,ACT,ShakKh00,84140.0,,4.0,0.0,0.0,0.0,0.0,0.0,5.0,69.0,1.0,0.0,,0.0,0.0,0.0,0.0,0.0,0.0,0.0,0.0,17.9,0.0,0.0,17.9,True,17.9
2025,4,9,2976212,Stefon Diggs,20,BE,3,WR,17,NORMAL,NORMAL,DRAFT,00-0031588,2976212.0,Stefon Diggs,WR,NE,ACT,DiggSt00,9579.0,,4.0,0.0,0.0,0.0,0.0,0.0,6.0,101.0,0.0,0.0,,0.0,0.0,0.0,0.0,0.0,0.0,0.0,0.0,16.1,0.0,0.0,16.1,False,0.0
2025,4,9,3895856,Christian Kirk,20,BE,3,WR,34,NORMAL,NORMAL,DRAFT,00-0034775,3895856.0,Christian Kirk,WR,HOU,ACT,KirkCh01,47546.0,,4.0,0.0,0.0,0.0,0.0,0.0,3.0,20.0,0.0,0.0,,0.0,0.0,0.0,0.0,0.0,0.0,0.0,0.0,5.0,0.0,0.0,5.0,False,0.0
2025,4,9,4882093,Bhayshul Tuten,20,BE,2,RB,30,NORMAL,NORMAL,DRAFT,00-0040719,4882093.0,Bhayshul Tuten,RB,JAX,ACT,TuteBh00,150568.0,,4.0,0.0,0.0,0.0,14.0,0.0,1.0,8.0,0.0,0.0,,0.0,0.0,0.0,0.0,0.0,0.0,0.0,0.0,3.2,0.0,0.0,3.2,False,0.0
2025,4,9,3046439,Hunter Henry,23,FLEX,4,TE,17,NORMAL,NORMAL,DRAFT,00-0033090,3046439.0,Hunter Henry,TE,NE,ACT,HenrHu00,10669.0,,4.0,0.0,0.0,0.0,0.0,0.0,2.0,39.0,1.0,0.0,,0.0,0.0,0.0,0.0,0.0,0.0,0.0,0.0,11.9,0.0,0.0,11.9,True,11.9
2025,4,9,4361432,Romeo Doubs,23,FLEX,3,WR,9,NORMAL,NORMAL,DRAFT,00-0037816,4361432.0,Romeo Doubs,WR,GB,ACT,DoubRo00,84329.0,,4.0,0.0,0.0,0.0,0.0,0.0,3.0,19.0,2.0,0.0,,0.0,0.0,0.0,0.0,0.0,0.0,0.0,0.0,16.9,0.0,0.0,16.9,True,16.9
2025,4,9,3917792,Daniel Jones,0,QB,1,TQB,11,NORMAL,NORMAL,ADD,00-0035710,3917792.0,Daniel Jones,QB,IND,ACT,JoneDa05,39395.0,,4.0,262.0,1.0,2.0,-1.0,0.0,0.0,0.0,0.0,0.0,,0.0,0.0,0.0,0.0,0.0,0.0,0.0,0.0,9.9,0.0,0.0,9.9,True,9.9
2025,4,9,4569587,Wan'Dale Robinson,20,BE,3,WR,19,NORMAL,NORMAL,TRADE,00-0038117,4569587.0,Wan'Dale Robinson,WR,NYG,ACT,RobiWa01,101735.0,,4.0,0.0,0.0,0.0,0.0,0.0,3.0,14.0,0.0,0.0,,0.0,0.0,0.0,0.0,0.0,0.0,0.0,0.0,4.4,0.0,0.0,4.4,False,0.0
2025,4,9,4597703,Tory Horton,20,BE,3,WR,26,NORMAL,NORMAL,TRADE,00-0040648,4597703.0,Tory Horton,WR,SEA,ACT,HortTo00,128232.0,,4.0,0.0,0.0,0.0,0.0,0.0,1.0,10.0,0.0,0.0,,0.0,0.0,0.0,0.0,0.0,0.0,0.0,0.0,2.0,0.0,0.0,2.0,False,0.0
2025,4,9,4431280,Troy Franklin,4,WR,3,WR,7,NORMAL,NORMAL,TRADE,00-0039868,4431280.0,Troy Franklin,WR,DEN,ACT,FranTr00,146567.0,,,0.0,0.0,0.0,0.0,0.0,0.0,0.0,0.0,0.0,,0.0,0.0,0.0,0.0,0.0,0.0,0.0,0.0,0.0,0.0,0.0,0.0,True,0.0
2025,4,10,4426502,Drake London,4,WR,3,WR,1,NORMAL,NORMAL,DRAFT,00-0037238,4426502.0,Drake London,WR,ATL,ACT,LondDr00,86519.0,,4.0,0.0,0.0,0.0,0.0,0.0,8.0,110.0,1.0,0.0,,0.0,0.0,0.0,0.0,0.0,0.0,0.0,0.0,25.0,0.0,0.0,25.0,True,25.0
2025,4,10,3054850,Alvin Kamara,23,FLEX,2,RB,18,NORMAL,NORMAL,DRAFT,00-0033906,3054850.0,Alvin Kamara,RB,NO,ACT,KamaAl00,11822.0,,4.0,0.0,0.0,0.0,70.0,0.0,4.0,2.0,0.0,0.0,,0.0,0.0,0.0,0.0,0.0,0.0,0.0,0.0,11.2,0.0,0.0,11.2,True,11.2
2025,4,10,4430737,Kyren Williams,2,RB,2,RB,14,NORMAL,NORMAL,DRAFT,00-0037840,4430737.0,Kyren Williams,RB,LA,ACT,WillKy02,97118.0,,4.0,0.0,0.0,0.0,77.0,0.0,3.0,17.0,0.0,1.0,,0.0,0.0,0.0,0.0,0.0,0.0,0.0,0.0,10.399999999999999,0.0,0.0,10.399999999999999,True,10.399999999999999
2025,4,10,4040715,Jalen Hurts,0,QB,1,TQB,21,NORMAL,NORMAL,DRAFT,00-0036389,4040715.0,Jalen Hurts,QB,PHI,ACT,HurtJa00,40291.0,,4.0,130.0,2.0,0.0,62.0,0.0,0.0,0.0,0.0,0.0,,0.0,0.0,0.0,0.0,0.0,0.0,0.0,0.0,19.2,0.0,0.0,19.2,True,19.2
2025,4,10,4241478,DeVonta Smith,4,WR,3,WR,21,NORMAL,NORMAL,DRAFT,00-0036912,4241478.0,DeVonta Smith,WR,PHI,ACT,SmitDe07,61100.0,,4.0,0.0,0.0,0.0,0.0,0.0,2.0,29.0,0.0,0.0,,0.0,0.0,0.0,0.0,0.0,0.0,0.0,0.0,4.9,0.0,0.0,4.9,True,4.9
2025,4,10,3916148,Tony Pollard,20,BE,2,RB,10,NORMAL,NORMAL,DRAFT,00-0035261,3916148.0,Tony Pollard,RB,TEN,ACT,PollTo00,27126.0,,4.0,0.0,0.0,0.0,64.0,0.0,3.0,12.0,0.0,0.0,,0.0,0.0,0.0,0.0,0.0,0.0,0.0,0.0,10.600000000000001,0.0,0.0,10.600000000000001,False,0.0
2025,4,10,4685415,Travis Hunter,20,BE,3,WR,30,NORMAL,NORMAL,DRAFT,00-0040718,4685415.0,Travis Hunter,WR,JAX,ACT,HuntTr00,160766.0,,4.0,0.0,0.0,0.0,0.0,0.0,3.0,42.0,0.0,0.0,,0.0,0.0,0.0,0.0,0.0,0.0,0.0,0.0,7.2,0.0,0.0,7.2,False,0.0
2025,4,10,4036133,T.J. Hockenson,6,TE,4,TE,16,NORMAL,NORMAL,DRAFT,00-0035229,4036133.0,T.J. Hockenson,TE,MIN,ACT,HockTJ00,40912.0,,4.0,0.0,0.0,0.0,0.0,0.0,4.0,39.0,0.0,0.0,,0.0,0.0,0.0,0.0,0.0,0.0,0.0,0.0,7.9,0.0,0.0,7.9,True,7.9
2025,4,10,4035687,Michael Pittman Jr.,23,FLEX,3,WR,11,NORMAL,NORMAL,DRAFT,00-0036252,4035687.0,Michael Pittman,WR,IND,ACT,PittMi01,29049.0,,4.0,0.0,0.0,0.0,0.0,0.0,5.0,41.0,1.0,0.0,,0.0,0.0,0.0,0.0,0.0,0.0,0.0,0.0,15.100000000000001,0.0,0.0,15.100000000000001,True,15.100000000000001
2025,4,10,3886598,Jauan Jennings,20,BE,3,WR,25,NORMAL,NORMAL,DRAFT,00-0036259,3886598.0,Jauan Jennings,WR,SF,ACT,JennJa00,48027.0,,4.0,0.0,0.0,0.0,0.0,0.0,2.0,24.0,0.0,0.0,,0.0,0.0,1.0,0.0,0.0,0.0,0.0,0.0,6.4,0.0,0.0,6.4,False,0.0
2025,4,10,4429205,Jordan Addison,20,BE,3,WR,16,NORMAL,NORMAL,DRAFT,00-0038994,4429205.0,Jordan Addison,WR,MIN,EXE,AddiJo00,123000.0,,4.0,0.0,0.0,0.0,0.0,0.0,4.0,114.0,0.0,0.0,,0.0,0.0,0.0,0.0,0.0,0.0,0.0,0.0,15.4,0.0,0.0,15.4,False,0.0
2025,4,10,2577417,Dak Prescott,20,BE,1,TQB,6,NORMAL,NORMAL,DRAFT,00-0033077,2577417.0,Dak Prescott,QB,DAL,ACT,PresDa01,10769.0,,4.0,15.0,0.0,0.0,0.0,0.0,0.0,0.0,0.0,0.0,,0.0,0.0,0.0,0.0,0.0,0.0,0.0,0.0,0.0,0.0,0.0,0.0,False,0.0
2025,4,10,4431588,Ja'Tavion Sanders,20,BE,4,TE,29,NORMAL,NORMAL,ADD,00-0039356,4431588.0,Ja'Tavion Sanders,TE,CAR,ACT,SandJa01,144717.0,,,0.0,0.0,0.0,0.0,0.0,0.0,0.0,0.0,0.0,,0.0,0.0,0.0,0.0,0.0,0.0,0.0,0.0,0.0,0.0,0.0,0.0,False,0.0
2025,4,11,4047646,A.J. Brown,4,WR,3,WR,21,NORMAL,NORMAL,DRAFT,00-0035676,4047646.0,A.J. Brown,WR,PHI,ACT,BrowAJ00,48327.0,,4.0,0.0,0.0,0.0,0.0,0.0,2.0,7.0,0.0,0.0,,0.0,0.0,0.0,0.0,0.0,0.0,0.0,0.0,2.7,0.0,0.0,2.7,True,2.7
2025,4,11,4047365,Josh Jacobs,2,RB,2,RB,9,NORMAL,NORMAL,DRAFT,00-0035700,4047365.0,Josh Jacobs,RB,GB,ACT,JacoJo01,45953.0,,4.0,0.0,0.0,0.0,13.0,0.0,2.0,32.0,0.0,0.0,,0.0,0.0,0.0,0.0,0.0,0.0,0.0,0.0,6.5,0.0,0.0,6.5,True,6.5
2025,4,11,4683062,Xavier Worthy,20,BE,3,WR,12,NORMAL,NORMAL,DRAFT,00-0039894,4683062.0,Xavier Worthy,WR,KC,ACT,WortXa00,144718.0,,4.0,0.0,0.0,0.0,38.0,0.0,5.0,83.0,0.0,0.0,,0.0,0.0,0.0,0.0,0.0,0.0,0.0,0.0,17.1,0.0,0.0,17.1,False,0.0
2025,4,11,3139477,Patrick Mahomes,0,QB,1,TQB,12,NORMAL,NORMAL,DRAFT,00-0033873,3139477.0,Patrick Mahomes,QB,KC,ACT,MahoPa00,11765.0,,4.0,270.0,4.0,0.0,5.0,0.0,0.0,0.0,0.0,0.0,,0.0,0.0,0.0,0.0,0.0,0.0,0.0,0.0,26.5,0.0,0.0,26.5,True,26.5
2025,4,11,3128429,Courtland Sutton,4,WR,3,WR,7,NORMAL,NORMAL,DRAFT,00-0034348,3128429.0,Courtland Sutton,WR,DEN,ACT,SuttCo00,48164.0,,,0.0,0.0,0.0,0.0,0.0,0.0,0.0,0.0,0.0,,0.0,0.0,0.0,0.0,0.0,0.0,0.0,0.0,0.0,0.0,0.0,0.0,True,0.0
2025,4,11,4426388,Jameson Williams,23,FLEX,3,WR,8,NORMAL,NORMAL,DRAFT,00-0037240,4426388.0,Jameson Williams,WR,DET,ACT,WillJa11,101701.0,,4.0,0.0,0.0,0.0,-3.0,0.0,2.0,40.0,0.0,0.0,,0.0,0.0,0.0,0.0,0.0,0.0,0.0,0.0,5.7,0.0,0.0,5.7,True,5.7
2025,4,11,3042519,Aaron Jones Sr.,21,IR,2,RB,16,NORMAL,NORMAL,DRAFT,00-0033293,3042519.0,Aaron Jones,RB,MIN,RES,JoneAa00,11937.0,,,0.0,0.0,0.0,0.0,0.0,0.0,0.0,0.0,0.0,,0.0,0.0,0.0,0.0,0.0,0.0,0.0,0.0,0.0,0.0,0.0,0.0,False,0.0
2025,4,11,4575131,Jacory Croskey-Merritt,20,BE,2,RB,28,NORMAL,NORMAL,DRAFT,00-0040242,4575131.0,Jacory Croskey-Merritt,RB,WAS,ACT,CrosJa00,102382.0,,4.0,0.0,0.0,0.0,47.0,0.0,2.0,10.0,0.0,0.0,,0.0,0.0,0.0,0.0,0.0,0.0,0.0,0.0,7.7,0.0,0.0,7.7,False,0.0
2025,4,11,4426385,Zach Charbonnet,20,BE,2,RB,26,NORMAL,NORMAL,DRAFT,00-0039165,4426385.0,Zach Charbonnet,RB,SEA,ACT,CharZa00,97630.0,,4.0,0.0,0.0,0.0,39.0,1.0,2.0,5.0,0.0,0.0,,0.0,0.0,0.0,0.0,0.0,0.0,0.0,0.0,12.4,0.0,0.0,12.4,False,0.0
2025,4,11,4431459,Tyler Warren,6,TE,4,TE,11,NORMAL,NORMAL,DRAFT,00-0040128,4431459.0,Tyler Warren,TE,IND,ACT,WarrTy00,129798.0,,4.0,0.0,0.0,0.0,3.0,1.0,5.0,70.0,0.0,0.0,,0.0,0.0,0.0,0.0,0.0,0.0,0.0,0.0,18.3,0.0,0.0,18.3,True,18.3
2025,4,11,4569173,Rhamondre Stevenson,20,BE,2,RB,17,NORMAL,NORMAL,DRAFT,00-0036875,4569173.0,Rhamondre Stevenson,RB,NE,ACT,StevRh00,98689.0,,4.0,0.0,0.0,0.0,38.0,0.0,1.0,3.0,0.0,0.0,,0.0,0.0,0.0,0.0,0.0,0.0,0.0,0.0,5.1000000000000005,0.0,0.0,5.1000000000000005,False,0.0
2025,4,11,4685278,Luther Burden III,20,BE,3,WR,3,NORMAL,NORMAL,DRAFT,00-0040735,4685278.0,Luther Burden III,WR,CHI,ACT,BurdLu00,157170.0,,4.0,0.0,0.0,0.0,0.0,0.0,2.0,-4.0,0.0,0.0,,0.0,0.0,0.0,0.0,0.0,0.0,0.0,0.0,1.6,0.0,0.0,1.6,False,0.0
2025,4,11,4241985,J.K. Dobbins,23,FLEX,2,RB,7,NORMAL,NORMAL,DRAFT,00-0036158,4241985.0,J.K. Dobbins,RB,DEN,ACT,DobbJK00,57366.0,,,0.0,0.0,0.0,0.0,0.0,0.0,0.0,0.0,0.0,,0.0,0.0,0.0,0.0,0.0,0.0,0.0,0.0,0.0,0.0,0.0,0.0,True,0.0
2025,4,11,3046779,Jared Goff,20,BE,1,TQB,8,NORMAL,NORMAL,ADD,00-0033106,3046779.0,Jared Goff,QB,DET,ACT,GoffJa00,10635.0,,4.0,168.0,2.0,1.0,0.0,0.0,0.0,0.0,0.0,0.0,,0.0,0.0,0.0,0.0,0.0,0.0,0.0,0.0,12.0,0.0,0.0,12.0,False,0.0
2025,4,12,4696981,Cam Skattebo,23,FLEX,2,RB,19,NORMAL,NORMAL,DRAFT,00-0040715,4696981.0,Cam Skattebo,RB,NYG,ACT,SkatCa00,147787.0,,4.0,0.0,0.0,0.0,79.0,0.0,2.0,11.0,0.0,0.0,,0.0,0.0,0.0,0.0,0.0,0.0,0.0,0.0,11.0,0.0,0.0,11.0,True,11.0
2025,4,12,4430807,Bijan Robinson,2,RB,2,RB,1,NORMAL,NORMAL,DRAFT,00-0038542,4430807.0,Bijan Robinson,RB,ATL,ACT,RobiBi01,123126.0,,4.0,0.0,0.0,0.0,75.0,1.0,4.0,106.0,0.0,0.0,,0.0,0.0,0.0,0.0,0.0,0.0,0.0,0.0,28.1,0.0,0.0,28.1,True,28.1
2025,4,12,4432708,Marvin Harrison Jr.,20,BE,3,WR,22,NORMAL,NORMAL,DRAFT,00-0039849,4432708.0,Marvin Harrison Jr.,WR,ARI,ACT,HarrMa09,145056.0,,4.0,0.0,0.0,0.0,0.0,0.0,6.0,66.0,1.0,0.0,,0.0,0.0,0.0,0.0,0.0,0.0,0.0,0.0,18.6,0.0,0.0,18.6,False,0.0
2025,4,12,4379399,James Cook,23,FLEX,2,RB,2,NORMAL,NORMAL,DRAFT,00-0037248,4379399.0,James Cook,RB,BUF,ACT,CookJa01,83666.0,,4.0,0.0,0.0,0.0,117.0,1.0,3.0,18.0,0.0,0.0,,0.0,0.0,0.0,0.0,0.0,0.0,0.0,0.0,22.500000000000004,0.0,0.0,22.500000000000004,True,22.500000000000004
2025,4,12,4569618,Garrett Wilson,4,WR,3,WR,20,NORMAL,NORMAL,DRAFT,00-0037740,4569618.0,Garrett Wilson,WR,NYJ,ACT,WilsGa00,97405.0,,,0.0,0.0,0.0,0.0,0.0,0.0,0.0,0.0,0.0,,0.0,0.0,0.0,0.0,0.0,0.0,0.0,0.0,0.0,0.0,0.0,0.0,True,0.0
2025,4,12,4431299,Rome Odunze,4,WR,3,WR,3,NORMAL,NORMAL,DRAFT,00-0039919,4431299.0,Rome Odunze,WR,CHI,ACT,OdunRo00,73774.0,,4.0,0.0,0.0,0.0,0.0,0.0,4.0,69.0,1.0,0.0,,0.0,0.0,0.0,0.0,0.0,0.0,0.0,0.0,16.9,0.0,0.0,16.9,True,16.9
2025,4,12,4723086,Colston Loveland,20,BE,4,TE,3,NORMAL,NORMAL,DRAFT,00-0040126,4723086.0,Colston Loveland,TE,CHI,ACT,LoveCo00,158540.0,,,0.0,0.0,0.0,0.0,0.0,0.0,0.0,0.0,0.0,,0.0,0.0,0.0,0.0,0.0,0.0,0.0,0.0,0.0,0.0,0.0,0.0,False,0.0
2025,4,12,3052587,Baker Mayfield,0,QB,1,TQB,27,NORMAL,NORMAL,DRAFT,00-0034855,3052587.0,Baker Mayfield,QB,TB,ACT,MayfBa00,46518.0,,4.0,289.0,2.0,1.0,13.0,0.0,0.0,0.0,0.0,0.0,,2.0,0.0,0.0,0.0,0.0,0.0,0.0,0.0,18.3,1.0,0.0,19.3,True,19.3
2025,4,12,3116165,Chris Godwin Jr.,20,BE,3,WR,27,NORMAL,NORMAL,DRAFT,00-0033921,3116165.0,Chris Godwin Jr.,WR,TB,ACT,GodwCh00,11839.0,,4.0,0.0,0.0,0.0,0.0,0.0,3.0,26.0,0.0,0.0,,0.0,0.0,0.0,0.0,0.0,0.0,0.0,0.0,5.6,0.0,0.0,5.6,False,0.0
2025,4,12,4241474,Brian Robinson Jr.,20,BE,2,RB,25,NORMAL,NORMAL,DRAFT,00-0037746,4241474.0,Brian Robinson,RB,SF,ACT,RobiBr01,57120.0,,4.0,0.0,0.0,0.0,21.0,0.0,0.0,0.0,0.0,0.0,,0.0,0.0,0.0,0.0,0.0,0.0,0.0,0.0,2.1,0.0,0.0,2.1,False,0.0
2025,4,12,4608686,Kyle Monangai,20,BE,2,RB,3,NORMAL,NORMAL,ADD,00-0040236,4608686.0,Kyle Monangai,RB,CHI,ACT,MonaKy00,129891.0,,4.0,0.0,0.0,0.0,18.0,0.0,0.0,0.0,0.0,0.0,,0.0,0.0,0.0,0.0,0.0,0.0,0.0,0.0,1.8,0.0,0.0,1.8,False,0.0
2025,4,12,2976592,Sterling Shepard,20,BE,3,WR,27,NORMAL,NORMAL,ADD,00-0032385,2976592.0,Sterling Shepard,WR,TB,ACT,ShepSt00,10674.0,,4.0,0.0,0.0,0.0,6.0,0.0,2.0,14.0,0.0,0.0,,0.0,0.0,0.0,0.0,0.0,0.0,0.0,0.0,4.0,0.0,0.0,4.0,False,0.0
2025,4,12,4595342,Oronde Gadsden II,6,TE,4,TE,24,NORMAL,NORMAL,ADD,00-0040189,4595342.0,Oronde Gadsden II,TE,LAC,ACT,GadsOr01,144046.0,,4.0,0.0,0.0,0.0,0.0,0.0,2.0,16.0,0.0,0.0,,0.0,0.0,0.0,0.0,0.0,0.0,0.0,0.0,3.6,0.0,0.0,3.6,True,3.6
2025,4,13,3117251,Christian McCaffrey,2,RB,2,RB,25,NORMAL,NORMAL,DRAFT,00-0033280,3117251.0,Christian McCaffrey,RB,SF,ACT,McCaCh01,11763.0,,4.0,0.0,0.0,0.0,49.0,0.0,6.0,92.0,1.0,0.0,,0.0,0.0,0.0,0.0,0.0,0.0,0.0,0.0,26.1,0.0,0.0,26.1,True,26.1
2025,4,13,4432773,Brian Thomas Jr.,4,WR,3,WR,30,NORMAL,NORMAL,DRAFT,00-0039893,4432773.0,Brian Thomas Jr.,WR,JAX,ACT,ThomBr06,146760.0,,4.0,0.0,0.0,0.0,7.0,0.0,5.0,49.0,0.0,0.0,,0.0,0.0,0.0,0.0,0.0,0.0,0.0,0.0,10.600000000000001,0.0,0.0,10.600000000000001,True,10.600000000000001
2025,4,13,4372016,Jaylen Waddle,23,FLEX,3,WR,15,NORMAL,NORMAL,DRAFT,00-0036613,4372016.0,Jaylen Waddle,WR,MIA,ACT,WaddJa00,84088.0,,,0.0,0.0,0.0,0.0,0.0,0.0,0.0,0.0,0.0,,0.0,0.0,0.0,0.0,0.0,0.0,0.0,0.0,0.0,0.0,0.0,0.0,True,0.0
2025,4,13,4429615,Zay Flowers,4,WR,3,WR,33,NORMAL,NORMAL,DRAFT,00-0039064,4429615.0,Zay Flowers,WR,BAL,ACT,FlowZa00,97268.0,,4.0,0.0,0.0,0.0,0.0,0.0,7.0,74.0,0.0,0.0,,0.0,0.0,0.0,0.0,0.0,0.0,0.0,0.0,14.4,0.0,0.0,14.4,True,14.4
2025,4,13,3917315,Kyler Murray,0,QB,1,TQB,22,NORMAL,NORMAL,DRAFT,00-0035228,3917315.0,Kyler Murray,QB,ARI,ACT,MurrKy00,38334.0,,4.0,200.0,2.0,2.0,41.0,0.0,0.0,0.0,0.0,0.0,,0.0,0.0,0.0,0.0,0.0,0.0,0.0,0.0,16.1,0.0,0.0,16.1,True,16.1
2025,4,13,4360569,Jordan Mason,23,FLEX,2,RB,16,NORMAL,NORMAL,DRAFT,00-0037525,4360569.0,Jordan Mason,RB,MIN,ACT,MasoJo00,62946.0,,4.0,0.0,0.0,0.0,57.0,0.0,3.0,15.0,0.0,0.0,,0.0,0.0,0.0,0.0,0.0,0.0,0.0,0.0,10.2,0.0,0.0,10.2,True,10.2
2025,4,13,4362887,Justin Fields,21,IR,1,TQB,20,NORMAL,NORMAL,DRAFT,00-0036945,4362887.0,Justin Fields,QB,NYJ,ACT,FielJu00,82118.0,,,0.0,0.0,0.0,0.0,0.0,0.0,0.0,0.0,0.0,,0.0,0.0,0.0,0.0,0.0,0.0,0.0,0.0,0.0,0.0,0.0,0.0,False,0.0
2025,4,13,4032473,Rashid Shaheed,20,BE,3,WR,18,NORMAL,NORMAL,DRAFT,00-0037545,4032473.0,Rashid Shaheed,WR,NO,ACT,ShahRa00,63707.0,,4.0,0.0,0.0,0.0,5.0,0.0,4.0,47.0,0.0,0.0,,0.0,0.0,0.0,0.0,0.0,0.0,0.0,0.0,9.2,0.0,0.0,9.2,False,0.0
2025,4,13,4040655,Darnell Mooney,20,BE,3,WR,1,NORMAL,NORMAL,DRAFT,00-0036309,4040655.0,Darnell Mooney,WR,ATL,ACT,MoonDa00,48236.0,,4.0,0.0,0.0,0.0,0.0,0.0,1.0,15.0,0.0,0.0,,0.0,0.0,0.0,0.0,0.0,0.0,0.0,0.0,2.5,0.0,0.0,2.5,False,0.0
2025,4,13,4429013,Tank Bigsby,20,BE,2,RB,21,NORMAL,NORMAL,DRAFT,00-0038555,4429013.0,Tank Bigsby,RB,PHI,ACT,BigsTa00,123974.0,,4.0,0.0,0.0,0.0,0.0,0.0,0.0,0.0,0.0,0.0,,0.0,0.0,0.0,0.0,0.0,0.0,0.0,0.0,0.0,0.0,0.0,0.0,False,0.0
2025,4,13,4242355,Jake Ferguson,6,TE,4,TE,6,NORMAL,NORMAL,DRAFT,00-0038041,4242355.0,Jake Ferguson,TE,DAL,ACT,FergJa00,61081.0,,4.0,0.0,0.0,0.0,0.0,0.0,2.0,11.0,0.0,0.0,,0.0,0.0,0.0,0.0,0.0,0.0,0.0,0.0,3.1,0.0,0.0,3.1,True,3.1
2025,4,13,3916945,Darius Slayton,20,BE,3,WR,19,NORMAL,NORMAL,DRAFT,00-0035535,3916945.0,Darius Slayton,WR,NYG,ACT,SlayDa01,25578.0,,4.0,0.0,0.0,0.0,0.0,0.0,3.0,44.0,0.0,0.0,,0.0,0.0,0.0,0.0,0.0,0.0,0.0,0.0,7.4,0.0,0.0,7.4,False,0.0
2025,4,13,4372019,Jerome Ford,20,BE,2,RB,5,NORMAL,NORMAL,ADD,00-0037267,4372019.0,Jerome Ford,RB,CLE,ACT,FordJe00,83601.0,,4.0,0.0,0.0,0.0,-1.0,0.0,1.0,4.0,0.0,0.0,,0.0,0.0,0.0,0.0,0.0,0.0,0.0,0.0,1.3,0.0,0.0,1.3,False,0.0
2025,4,13,4382466,Jalen Nailor,20,BE,3,WR,16,NORMAL,NORMAL,ADD,00-0037291,4382466.0,Jalen Nailor,WR,MIN,ACT,NailJa00,84292.0,,4.0,0.0,0.0,0.0,0.0,0.0,1.0,2.0,1.0,0.0,,0.0,0.0,1.0,0.0,0.0,0.0,0.0,0.0,9.2,0.0,0.0,9.2,False,0.0
2025,4,14,4362628,Ja'Marr Chase,4,WR,3,WR,4,NORMAL,NORMAL,DRAFT,00-0036900,4362628.0,Ja'Marr Chase,WR,CIN,ACT,ChasJa00,84270.0,,,0.0,0.0,0.0,0.0,0.0,0.0,0.0,0.0,0.0,,0.0,0.0,0.0,0.0,0.0,0.0,0.0,0.0,0.0,0.0,0.0,0.0,True,0.0
2025,4,14,4262921,Justin Jefferson,4,WR,3,WR,16,NORMAL,NORMAL,DRAFT,00-0036322,4262921.0,Justin Jefferson,WR,MIN,ACT,JeffJu00,61398.0,,4.0,0.0,0.0,0.0,0.0,0.0,10.0,126.0,0.0,0.0,,0.0,0.0,0.0,0.0,0.0,0.0,0.0,0.0,22.6,0.0,0.0,22.6,True,22.6
2025,4,14,4259545,D'Andre Swift,2,RB,2,RB,3,NORMAL,NORMAL,DRAFT,00-0036275,4259545.0,D'Andre Swift,RB,CHI,ACT,SwifDA00,57212.0,,4.0,0.0,0.0,0.0,38.0,1.0,4.0,22.0,0.0,0.0,,0.0,0.0,0.0,0.0,0.0,0.0,0.0,0.0,16.0,0.0,0.0,16.0,True,16.0
2025,4,14,4430027,Sam LaPorta,6,TE,4,TE,8,NORMAL,NORMAL,DRAFT,00-0039065,4430027.0,Sam LaPorta,TE,DET,ACT,LaPoSa01,101690.0,,4.0,0.0,0.0,0.0,0.0,0.0,3.0,39.0,0.0,0.0,,0.0,0.0,0.0,0.0,0.0,0.0,0.0,0.0,6.9,0.0,0.0,6.9,True,6.9
2025,4,14,4241463,Jerry Jeudy,20,BE,3,WR,5,NORMAL,NORMAL,DRAFT,00-0036407,4241463.0,Jerry Jeudy,WR,CLE,ACT,JeudJe00,61103.0,,4.0,0.0,0.0,0.0,0.0,0.0,3.0,48.0,0.0,0.0,,0.0,0.0,0.0,0.0,0.0,0.0,0.0,0.0,7.800000000000001,0.0,0.0,7.800000000000001,False,0.0
2025,4,14,2977187,Cooper Kupp,20,BE,3,WR,26,NORMAL,NORMAL,DRAFT,00-0033908,2977187.0,Cooper Kupp,WR,SEA,ACT,KuppCo00,11824.0,,4.0,0.0,0.0,0.0,0.0,0.0,4.0,26.0,0.0,0.0,,0.0,0.0,0.0,0.0,0.0,0.0,0.0,0.0,6.6,0.0,0.0,6.6,False,0.0
2025,4,14,4429275,Trey Benson,23,FLEX,2,RB,22,NORMAL,NORMAL,DRAFT,00-0039921,4429275.0,Trey Benson,RB,ARI,ACT,BensTr01,131705.0,,4.0,0.0,0.0,0.0,35.0,0.0,5.0,19.0,0.0,0.0,,0.0,0.0,0.0,0.0,0.0,0.0,0.0,0.0,10.4,0.0,0.0,10.4,True,10.4
2025,4,14,4373626,Tyler Allgeier,20,BE,2,RB,1,NORMAL,NORMAL,DRAFT,00-0037263,4373626.0,Tyler Allgeier,RB,ATL,ACT,AllgTy00,83639.0,,4.0,0.0,0.0,0.0,51.0,1.0,0.0,0.0,0.0,0.0,,0.0,0.0,0.0,0.0,0.0,0.0,0.0,0.0,11.100000000000001,0.0,0.0,11.100000000000001,False,0.0
2025,4,14,4361050,Isaiah Likely,20,BE,4,TE,33,NORMAL,NORMAL,DRAFT,00-0037838,4361050.0,Isaiah Likely,TE,BAL,ACT,LikeIs00,83955.0,,4.0,0.0,0.0,0.0,0.0,0.0,0.0,0.0,0.0,0.0,,0.0,0.0,0.0,0.0,0.0,0.0,0.0,0.0,0.0,0.0,0.0,0.0,False,0.0
2025,4,14,4371733,Kenneth Gainwell,20,BE,2,RB,23,NORMAL,NORMAL,ADD,00-0036919,4371733.0,Kenneth Gainwell,RB,PIT,ACT,GainKe00,77737.0,,4.0,0.0,0.0,0.0,99.0,2.0,6.0,35.0,0.0,0.0,,0.0,0.0,0.0,0.0,0.0,0.0,0.0,0.0,31.4,0.0,0.0,31.4,False,0.0
2025,4,14,4243389,Calvin Austin III,20,BE,3,WR,23,NORMAL,NORMAL,ADD,00-0037837,4243389.0,Calvin Austin III,WR,PIT,ACT,AustCa00,61418.0,,4.0,0.0,0.0,0.0,0.0,0.0,2.0,13.0,0.0,0.0,,0.0,0.0,0.0,0.0,0.0,0.0,0.0,0.0,3.3,0.0,0.0,3.3,False,0.0
2025,4,14,4428718,Tre Tucker,23,FLEX,3,WR,13,NORMAL,NORMAL,ADD,00-0038563,4428718.0,Tre Tucker,WR,LV,ACT,TuckTr00,101106.0,,4.0,0.0,0.0,0.0,9.0,0.0,2.0,13.0,0.0,0.0,,0.0,0.0,0.0,0.0,0.0,0.0,0.0,0.0,4.2,0.0,0.0,4.2,True,4.2
2025,4,14,15864,Geno Smith,0,QB,1,TQB,13,NORMAL,NORMAL,ADD,00-0030565,15864.0,Geno Smith,QB,LV,ACT,SmitGe00,7820.0,,4.0,117.0,2.0,3.0,31.0,0.0,0.0,0.0,0.0,0.0,,0.0,0.0,0.0,0.0,0.0,0.0,0.0,0.0,9.1,0.0,0.0,9.1,True,9.1
